1,Hollister
2,Durango
3,Winona
4,Buffalo Grove
5,Shelton
6,Agoura Hills
7,Northbrook
8,Lindenwold
9,La Mirada
10,Calumet City
11,Albuquerque
12,Galesburg
13,Fishers
14,Sugar Land
15,Bakersfield
16,Mandan
17,Mukilteo
18,Keller
19,Moline
20,Indio
21,San Jose
22,Crown Point
23,Shreveport
24,Allen Park
25,Bethany
26,Dana Point
27,Havelock
28,Revere
29,Universal City
30,Canton
31,Tamarac
32,Nashville
33,Montebello
34,Logansport
35,Hastings
36,Big Spring
37,Ann Arbor
38,Renton
39,Westland
40,Riverton
41,Lebanon
42,Pensacola
43,Kissimmee
44,Ponca City
45,SeaTac
46,Centennial
47,Asheville
48,Yuma
49,Alamogordo
50,Lorain
51,Wilson
52,Tinton Falls
53,Urbana
54,Desert Hot Springs
55,Berwyn
56,Poplar Bluff
57,Maricopa
58,Wisconsin Rapids
59,Algonquin
60,Dublin
61,Pawtucket
62,Thomasville
63,Dothan
64,West Palm Beach
65,Helena
66,Sunnyvale
67,Pascagoula
68,Findlay
69,Broomfield
70,Waterloo
71,Hallandale Beach
72,Miami Lakes
73,Long Branch
74,Blue Springs
75,Manteca
76,Tooele
77,North Las Vegas
78,Ridgewood
79,Hagerstown
80,Grandville
81,Mokena
82,Schertz
83,Poway
84,Newport News
85,Fort Dodge
86,Forest Lake
87,Palm Springs
88,American Fork
89,Monrovia
90,Eugene
91,Port Hueneme
92,Mission Viejo
93,Warwick
94,Vero Beach
95,Elmwood Park
96,Herriman
97,Lemoore
98,Ellensburg
99,Troy
100,Erie
101,Bloomington
102,New Britain
103,El Paso
104,Madison Heights
105,Eastpointe
106,Ocoee
107,Lubbock
108,Knoxville
109,Carpentersville
110,Greensboro
111,Daytona Beach
112,Elk Grove Village
113,Delray Beach
114,North Lauderdale
115,Coachella
116,Belvidere
117,Ocala
118,St. Matthews
119,Camden
120,Fridley
121,Orinda
122,Sioux Falls
123,Sterling Heights
124,Grapevine
125,Goodyear
126,East Chicago
127,Rahway
128,Kiryas Joel
129,Golden
130,Covington
131,Murrieta
132,Muncie
133,Sanger
134,Anniston
135,St. Clair Shores
136,Elk Grove
137,Campbell
138,Harrisburg
139,Converse
140,Pine Bluff
141,Dyersburg
142,Tucson
143,Southgate
144,Wilkes-Barre
145,San Rafael
146,Columbus
147,Sunrise
148,Fort Walton Beach
149,Madisonville
150,Deerfield Beach
151,Nashua
152,Oregon City
153,Mission
154,Beavercreek
155,Bangor
156,La Puente
157,Pleasant Prairie
158,Spring Valley
159,Cathedral City
160,Rocky Mount
161,Anacortes
162,Paramount
163,Winter Park
164,Edina
165,Perrysburg
166,Paterson
167,Woodland
168,Cedar City
169,La Porte
170,East Cleveland
171,Herndon
172,Sun Prairie
173,Collierville
174,Portland
175,Victorville
176,Pinellas Park
177,Trenton
178,Cartersville
179,Moses Lake
180,Yuba City
181,Fairfield
182,St. Paul
183,Edwardsville
184,Sycamore
185,Oklahoma City
186,Gardena
187,Greenbelt
188,Boise City
189,Norman
190,Wyandotte
191,Milford
192,Grayslake
193,Waco
194,Banning
195,Valley Stream
196,Parkersburg
197,Scottsdale
198,Taylor
199,Denver
200,Tallmadge
201,Daphne
202,Forest Park
203,San Benito
204,Plainview
205,Toledo
206,South St. Paul
207,Pekin
208,Titusville
209,Eagle
210,Edinburg
211,Warren
212,Bremerton
213,Carson City
214,Monroe
215,Yorba Linda
216,Hamilton
217,South Lake Tahoe
218,Hillsboro
219,Battle Ground
220,Naugatuck
221,Key West
222,North Platte
223,Lemon Grove
224,Royal Palm Beach
225,Forest Grove
226,Attleboro
227,Hemet
228,Farmers Branch
229,Hazelwood
230,Twin Falls
231,San Juan
232,Prairie Village
233,Quincy
234,Richmond
235,West Allis
236,Manhattan Beach
237,Rock Hill
238,New Albany
239,Kannapolis
240,South Bend
241,Wellington
242,Chicago
243,Layton
244,Bellingham
245,New Lenox
246,Lodi
247,West Haven
248,West Chicago
249,Chapel Hill
250,South Holland
251,Pampa
252,Watsonville
253,Marietta
254,Morgan Hill
255,Turlock
256,Dover
257,Hesperia
258,Summit
259,Cedar Park
260,De Land
261,Rowlett
262,Melrose
263,Chillicothe
264,Apopka
265,Edmonds
266,Lindenhurst
267,Marion
268,Lynwood
269,Spartanburg
270,St. Charles
271,Buckeye
272,Plainfield
273,Boca Raton
274,Iowa City
275,South Jordan
276,Northfield
277,Paris
278,Midland
279,La Quinta
280,Mesa
281,Mercer Island
282,Burleson
283,Griffin
284,Marlborough
285,Encinitas
286,Santa Rosa
287,Merced
288,Willmar
289,Park Ridge
290,New Castle
291,East Lansing
292,Calabasas
293,Largo
294,Monterey Park
295,Huber Heights
296,Northampton
297,Walnut Creek
298,Kirksville
299,Brooklyn Center
300,College Park
301,Norco
302,Wheat Ridge
303,Millbrae
304,Castle Rock
305,Stanton
306,Temple
307,Seal Beach
308,Carson
309,Lombard
310,Santa Maria
311,Wheaton
312,Huntington
313,Baton Rouge
314,Cuyahoga Falls
315,Eureka
316,Beloit
317,North Canton
318,Gretna
319,Chicago Heights
320,Kingsport
321,Murray
322,Culver City
323,Anoka
324,Irving
325,Raleigh
326,Seminole
327,Aurora
328,Rosenberg
329,Rancho Cordova
330,Mesquite
331,Goleta
332,Pearland
333,La Mesa
334,Novi
335,Keene
336,Macon
337,Jeffersontown
338,Payson
339,Providence
340,Laguna Beach
341,Rochester
342,Andover
343,Park Forest
344,Bellwood
345,Matteson
346,Torrington
347,Mishawaka
348,Central Point
349,Newport Beach
350,Gadsden
351,Mamaroneck
352,Bullhead City
353,Marysville
354,Bozeman
355,Danville
356,Elyria
357,South San Francisco
358,West New York
359,Owensboro
360,Kinston
361,Miamisburg
362,Cincinnati
363,Lynn
364,Grandview
365,Hammond
366,Stamford
367,Oswego
368,Williamsport
369,Hopkinsville
370,Ottawa
371,West Linn
372,Moreno Valley
373,Mount Prospect
374,Idaho Falls
375,Casper
376,Safety Harbor
377,Seaside
378,Lawrence
379,Hobart
380,San Diego
381,Kokomo
382,Melrose Park
383,Saratoga
384,Oakdale
385,Yucaipa
386,Belle Glade
387,Fairhope
388,Akron
389,Mason
390,Mountain View
391,Mineola
392,Miami
393,Grand Rapids
394,Lauderhill
395,Johnson City
396,Kankakee
397,Mustang
398,Chesterfield
399,Palo Alto
400,Haines City
401,Gulfport
402,Anderson
403,Alabaster
404,Stockton
405,San Jacinto
406,Martinsburg
407,Liberty
408,University City
409,Pittsfield
410,Brookings
411,Dalton
412,Palestine
413,Roseville
414,Alliance
415,Redondo Beach
416,Wylie
417,Hilliard
418,Kalamazoo
419,Suisun City
420,Cortland
421,Neenah
422,Lake Worth
423,Binghamton
424,McKinney
425,Lexington
426,McHenry
427,Augusta
428,Seymour
429,St. Cloud
430,Howard
431,Caledonia
432,Orem
433,Brook Park
434,Tigard
435,Crestview
436,Bedford
437,West Mifflin
438,Acworth
439,Lackawanna
440,Moorhead
441,Sacramento
442,Statesville
443,Emporia
444,Brownsville
445,New Braunfels
446,DeSoto
447,South Portland
448,Daly City
449,Sarasota
450,San Marcos
451,Maple Valley
452,Papillion
453,Des Moines
454,Waynesboro
455,Burnsville
456,Sioux City
457,Chattanooga
458,McAlester
459,Valparaiso
460,Midwest City
461,Gallatin
462,Great Falls
463,Zanesville
464,Philadelphia
465,Rockville
466,Coral Gables
467,Superior
468,Flower Mound
469,Tacoma
470,Elmira
471,Brockton
472,Springboro
473,Benicia
474,Plattsburgh
475,San Bruno
476,Palos Hills
477,Bellevue
478,Lewisville
479,Cranston
480,Biloxi
481,Dearborn Heights
482,Benbrook
483,Owatonna
484,East Providence
485,Fort Worth
486,Meriden
487,West Hollywood
488,Marana
489,Tulare
490,Tinley Park
491,Stafford
492,New Orleans
493,Biddeford
494,Wildwood
495,Northglenn
496,Pickerington
497,Deerfield
498,Haltom City
499,Chambersburg
500,San Francisco
501,Wadsworth
502,Ashwaubenon
503,Plum
504,Imperial Beach
505,Palm Coast
506,Oshkosh
507,Glendale Heights
508,Schererville
509,Appleton
510,Cambridge
511,Roselle
512,Hurst
513,Honolulu
514,Evanston
515,Downers Grove
516,Fair Lawn
517,Coppell
518,Stow
519,Oregon
520,Lawrenceville
521,Ashland
522,Lancaster
523,Fountain Hills
524,Brentwood
525,Rancho Cucamonga
526,Homestead
527,Livermore
528,Southlake
529,Hinsdale
530,Stevens Point
531,Bell Gardens
532,Dayton
533,Twentynine Palms
534,Hawthorne
535,West Covina
536,Bonney Lake
537,Temecula
538,Ottumwa
539,Chico
540,Memphis
541,Grand Junction
542,Beverly
543,Laguna Hills
544,Hanford
545,Tampa
546,Taylorsville
547,Jackson
548,Paducah
549,Cleveland
550,Tracy
551,Englewood
552,Whitehall
553,Pompano Beach
554,Elizabeth City
555,Glendale
556,Missouri City
557,Rockledge
558,South El Monte
559,Watauga
560,Maryland Heights
561,Nacogdoches
562,Elmhurst
563,Adrian
564,Louisville
565,Winchester
566,Texarkana
567,DeKalb
568,Lakeville
569,Hollywood
570,South Pasadena
571,Billings
572,Elko
573,Rancho Palos Verdes
574,McKeesport
575,Wilmington
576,Wausau
577,Parma Heights
578,Bixby
579,Kearney
580,Kennewick
581,Martinez
582,Lisle
583,Charlottesville
584,Bolingbrook
585,Blue Island
586,Sand Springs
587,Hopkins
588,Arcadia
589,Marquette
590,Muskogee
591,Springville
592,Temple City
593,New Brunswick
594,Walla Walla
595,Santa Cruz
596,Klamath Falls
597,Terrell
598,Vancouver
599,Lowell
600,Sherman
601,Battle Creek
602,Missoula
603,Norfolk
604,Bay City
605,Abilene
606,Deer Park
607,Rutland
608,Texas City
609,Pinole
610,Melbourne
611,Baltimore
612,Dallas
613,McAllen
614,Holly Springs
615,Selma
616,Kenosha
617,Sebastian
618,North Ridgeville
619,East Ridge
620,Rolling Meadows
621,Glen Ellyn
622,West Lafayette
623,Merrillville
624,Newnan
625,Carol Stream
626,El Centro
627,Round Rock
628,Ames
629,Kalispell
630,Dania Beach
631,Coralville
632,Shoreview
633,Pueblo
634,Saco
635,Burton
636,Shelbyville
637,Wilsonville
638,Rohnert Park
639,Colleyville
640,Buffalo
641,North Little Rock
642,Mansfield
643,Blaine
644,Bryan
645,Greenacres
646,Oak Ridge
647,West Des Moines
648,Anaheim
649,Elizabethtown
650,Miami Beach
651,Florissant
652,Claremont
653,Cottage Grove
654,Van Buren
655,Upland
656,Laurel
657,Johns Creek
658,Kearny
659,Visalia
660,St. George
661,Palisades Park
662,Villa Park
663,Irvine
664,Lake Jackson
665,Painesville
666,South Plainfield
667,Donna
668,Warner Robins
669,Westminster
670,Phenix City
671,Evansville
672,Harrisonburg
673,Reno
674,Westerville
675,Noblesville
676,Lufkin
677,Scarsdale
678,Piqua
679,Holladay
680,Marshall
681,Tiffin
682,Apex
683,Savannah
684,Richfield
685,Montrose
686,Bowie
687,Carlsbad
688,Point Pleasant
689,Cliffside Park
690,Clarksville
691,Hays
692,Federal Way
693,Rutherford
694,Worcester
695,Chanhassen
696,Skokie
697,Yonkers
698,Ontario
699,Oakley
700,Greenfield
701,Juneau
702,Ada
703,Sugar Hill
704,Salem
705,Kirkland
706,Perth Amboy
707,Bellflower
708,East Point
709,Brooklyn Park
710,Ventura
711,Corvallis
712,Prior Lake
713,Asbury Park
714,Fort Pierce
715,Charleston
716,Port Huron
717,Paramus
718,Port Orange
719,Fargo
720,Coon Rapids
721,Highland Park
722,Margate
723,Bonita Springs
724,Eagle Pass
725,Ypsilanti
726,Elkhart
727,Lenexa
728,Arroyo Grande
729,Greenville
730,Napa
731,Edgewater
732,Ithaca
733,Alvin
734,Apple Valley
735,Barstow
736,Gilbert
737,West Springfield
738,Fairborn
739,Carlisle
740,Wyoming
741,Norristown
742,Kentwood
743,Glendora
744,Altoona
745,South Salt Lake
746,Richardson
747,Bowling Green
748,Willoughby
749,Sulphur
750,Sayreville
751,New York
752,Tarpon Springs
753,Little Elm
754,Hendersonville
755,Kenner
756,Perris
757,Hoffman Estates
758,Michigan City
759,Cheyenne
760,Palatine
761,Wichita
762,Diamond Bar
763,Madison
764,Santa Paula
765,Sapulpa
766,West Sacramento
767,Joplin
768,Rocky River
769,Huntington Park
770,Annapolis
771,Prescott Valley
772,Barnstable Town
773,Lansing
774,Stephenville
775,Clearfield
776,El Reno
777,Sylvania
778,Stillwater
779,Malden
780,Parker
781,Huntersville
782,Hanover Park
783,Ocean Springs
784,Redlands
785,Cocoa
786,Sherwood
787,Lincoln
788,Niles
789,Fountain
790,Davis
791,Joliet
792,Kirkwood
793,Oak Harbor
794,Loves Park
795,Greer
796,Lewiston
797,Romulus
798,Inver Grove Heights
799,Ridgecrest
800,Port Arthur
801,Holyoke
802,Dolton
803,Beckley
804,Shakopee
805,Golden Valley
806,Moorpark
807,Madera
808,Milpitas
809,Greeley
810,Taunton
811,Xenia
812,Coalinga
813,Spokane Valley
814,Bourbonnais
815,Gainesville
816,Vernon Hills
817,Sheridan
818,Rapid City
819,Methuen
820,Round Lake Beach
821,Spanish Fork
822,McMinnville
823,Cape Coral
824,Mundelein
825,Coconut Creek
826,Butte-Silver Bow
827,Munster
828,Alpharetta
829,Alexandria
830,Plymouth
831,Hampton
832,Freeport
833,Albert Lea
834,Cedar Falls
835,Bayonne
836,Copperas Cove
837,Plano
838,Grove City
839,Woonsocket
840,Sierra Vista
841,Prescott
842,North Ogden
843,Blacksburg
844,Milledgeville
845,Kingsville
846,Spring Hill
847,Bergenfield
848,Bridgeton
849,Ferguson
850,Schenectady
851,Oak Lawn
852,Orland Park
853,Albertville
854,Houma
855,Homer Glen
856,Suffolk
857,South Gate
858,Tifton
859,Mount Clemens
860,Pullman
861,Wasco
862,Simi Valley
863,Livonia
864,Walnut
865,Garner
866,Hutchinson
867,La Habra
868,Escondido
869,Sikeston
870,Champlin
871,Union City
872,North Olmsted
873,Garfield Heights
874,Flagstaff
875,De Pere
876,San Bernardino
877,New London
878,Garden Grove
879,Terre Haute
880,Cornelius
881,Mount Vernon
882,Auburn
883,Pottstown
884,Elk River
885,Arlington
886,Ballwin
887,Gillette
888,North Port
889,Azusa
890,Tuscaloosa
891,North Plainfield
892,Newport
893,Rockford
894,Lawndale
895,Del Rio
896,Florence
897,Menasha
898,Statesboro
899,Grand Forks
900,Savage
901,Germantown
902,Lynnwood
903,Lafayette
904,Charlotte
905,Ormond Beach
906,Broken Arrow
907,Centerville
908,Bellaire
909,Onalaska
910,Somerville
911,Flint
912,Sheboygan
913,Brunswick
914,Plantation
915,Burlingame
916,Omaha
917,Baytown
918,Chester
919,Westfield
920,Mason City
921,Fitchburg
922,Des Plaines
923,Smyrna
924,Yorkville
925,Meridian
926,Thousand Oaks
927,Country Club Hills
928,Carrboro
929,Bethlehem
930,Harrison
931,Americus
932,Davie
933,Redding
934,Dinuba
935,Santa Clara
936,Denton
937,Gloucester
938,Norwalk
939,Olathe
940,Berkeley
941,Maple Heights
942,Downey
943,La Crosse
944,Corsicana
945,Arvada
946,Dickinson
947,Fullerton
948,Fremont
949,Fontana
950,Fayetteville
951,Poughkeepsie
952,Alhambra
953,Watertown
954,LaGrange
955,Muscatine
956,Alamo
957,Oxford
958,Brighton
959,Peabody
960,Coeur d'Alene
961,East Peoria
962,Woodburn
963,Lathrop
964,Wenatchee
965,Laguna Woods
966,Franklin Park
967,Bradenton
968,Lauderdale Lakes
969,Granite City
970,Mauldin
971,Ruston
972,Walker
973,Aiken
974,Angleton
975,Allen
976,Morganton
977,Oak Creek
978,Ozark
979,Columbia Heights
980,Greenwood
981,Mequon
982,Weston
983,Dubuque
984,Waukesha
985,Millville
986,Ossining
987,Chaska
988,Dodge City
989,Socorro
990,Pocatello
991,Commerce City
992,Broadview Heights
993,Rome
994,Rexburg
995,Chowchilla
996,Camarillo
997,Riviera Beach
998,Niagara Falls
999,Vacaville
1000,Lakeland
