1,341,Masako Watson
2,179,Suzann Knapp
2,931,Loma Hayes
2,973,Pamelia Graves
3,296,Andrea Mckinney
4,722,Duncan Griffin
4,195,Emerita Tate
5,455,Phylicia Petty
5,51,Vinnie Lindsey
5,606,Owen Wise
6,789,Shondra Nunez
7,118,Sharice Wright
7,158,Shawana Sears
8,558,Daryl Weber
9,215,Dion Sanford
9,317,Danilo Armstrong
10,662,Rich Collier
10,891,Andres Swanson
11,547,Lawana Jimenez
11,666,Dennis Ryan
12,682,Forest Dickerson
12,388,Dewayne Boyd
12,526,Arnold Manning
12,571,Lasonya Wilkinson
13,702,Parthenia Langley
14,738,Allyn Wyatt
15,249,Chae Cooley
15,481,Phillip West
16,299,Sparkle Walters
17,209,Hermila Alvarez
17,16,Eugenie White
17,110,Sherlyn Vance
17,451,Leigh Short
18,598,Onie Wyatt
19,580,Harvey Manning
19,220,Jackeline Fitzgerald
19,909,Providencia Benson
20,583,Alethia Nixon
20,198,Marcelo Riddle
20,785,Natisha Simmons
21,664,Noel Pate
21,514,Quintin Ray
21,940,Bill Hartman
22,70,Robbyn Bird
22,743,Rossie Jenkins
23,25,Eloy Monroe
23,575,Anthony Heath
24,339,Rosann Farmer
24,543,Sherill Murray
24,618,Saul Walters
24,679,Bertram Guerra
25,81,Laurine Clemons
25,977,Morris Grant
26,310,Gregory Hess
27,846,Arlie Ashley
27,337,Katerine Gonzales
28,996,Alline Bryan
29,336,Reanna Aguirre
29,826,Lesley Montoya
29,916,Charita Ford
30,978,Ching Lamb
30,708,Marcellus Sandoval
31,77,Buster Buck
31,22,Nelia Wall
31,191,Bernardo Bryan
31,686,Andy Moses
32,807,Murray Strong
32,665,Shenita Burton
32,988,Carmina Calderon
33,728,Bertram Collins
33,170,Lon Gordon
33,781,Milford Gould
34,281,Jonah Merrill
35,860,Kelsie Lang
35,36,Kamilah Wiley
35,889,Tenisha Hopper
36,808,Randal Gregory
37,714,Kyle Ellison
38,532,Lilla Clay
38,13,Creola Harper
38,562,Kermit Logan
38,924,Elijah Hutchinson
39,508,Mitchel Aguirre
39,719,Ellyn Osborn
40,927,Andrew Turner
41,886,Lindsy Gaines
42,1,Emmett Richard
42,483,Don Rodgers
43,183,Waylon Dominguez
44,203,Bryant Stafford
44,427,Leonardo Mason
45,141,Robert Wall
45,515,Loan Gill
46,549,Jamee Nunez
46,256,Elly Mccarty
47,408,Wallace Camacho
48,524,Jonah Gilliam
48,193,Delila Dunn
48,524,Shizuko Wong
48,991,Danika Kidd
49,329,Gertrud Molina
49,233,Eduardo Tillman
50,802,Alejandro Weaver
50,511,Hien Cabrera
51,455,Elenore Blackwell
51,14,Shawnta Vinson
52,832,Cammy Willis
52,325,Seymour Sanders
53,324,Harland Bell
53,47,Fermina Joyner
53,774,Hedy Wagner
54,350,Malcolm Morin
54,452,Arlena Wagner
54,650,Kristle Manning
55,106,Wade Anthony
56,309,Lurline Dodson
56,574,Walker Contreras
57,304,Marielle Small
58,996,Dong Jensen
58,882,Duane Daniels
59,109,Eura Johnston
60,620,Rachell Stevens
60,338,Olen Pickett
60,646,Ashanti Wilson
61,549,Heath Meyer
61,778,Ching Mcpherson
62,291,Lon Salas
63,392,Adrien Wheeler
64,649,Laraine Best
64,757,Joel Glenn
65,860,Tod Burns
66,475,Shan Burt
66,116,Norberto Mccall
66,843,Rupert Adkins
67,60,Ara Gibbs
67,21,Joana Bryant
67,894,Elmer Shaw
67,999,Kristel Owens
68,270,Carl Dunn
68,331,Delta Bush
68,448,Clarinda Burt
69,574,Alphonso Maynard
69,89,Zita Hendricks
69,439,Rochel Ashley
70,453,Santos Humphrey
70,672,Teddy Fleming
71,755,Talitha Horne
71,238,Jefferey Paul
72,596,Rebbecca William
73,378,Eveline Weaver
74,824,Giuseppe Beck
74,624,Colene Ramsey
75,956,Natisha Velez
75,383,Jeffry Lester
75,634,Mel Small
75,762,Maxwell Harrison
76,973,Tamesha Conrad
77,815,Kenneth Browning
78,36,Veta Drake
78,395,Lore Maxwell
78,777,Suzann Gilliam
79,353,Leonila Langley
79,917,Rozanne Ramsey
80,411,Andres Meadows
80,739,Armandina Melendez
81,884,Erick Wright
81,350,Melvin Mcclain
82,962,Shizue Matthews
82,393,Jolanda Waters
83,171,Brenton Hutchinson
84,521,Larry Brock
84,77,Jacquie Hawkins
84,678,Lilla Briggs
85,688,Eleni Peterson
85,590,Ariel Rojas
86,801,Ulysses Evans
86,3,Lanora Reeves
86,728,Julian Daniels
87,867,Mikel Kerr
87,314,Garfield Franks
88,646,Odell Simmons
88,240,Fermina Phillips
88,403,Jaimee Salinas
89,875,Cory Ramsey
90,659,Keena Harrison
90,18,Art Griffin
90,530,Sharri Gray
91,571,Raymon Schwartz
91,876,Argelia Ryan
92,403,Gerardo Oliver
93,550,Davis Montoya
93,87,Dell Sharp
94,721,Avery Cobb
94,855,Amal Sanford
95,890,Isreal Rose
95,990,Scott Mcdaniel
96,728,Stefany Potts
97,125,Daren Wallace
97,694,Mel Becker
98,345,Brock Merrill
98,280,Jon Wilkinson
98,783,Porfirio Sims
99,338,Laverna Vaughn
100,19,Nu Gray
101,433,Wilbur Pena
101,219,Yi Byrd
102,803,Patience Burch
103,845,Kiesha Puckett
104,184,Wilson Nash
104,852,Lynell Spence
105,107,Raylene Jennings
106,39,Theo Burris
106,465,Margorie Wade
107,250,Bryan Wilson
108,433,Luther Haney
108,91,Antonetta Carver
108,691,Sarai Barrera
109,988,Kiana Hogan
110,676,Na Webb
110,397,Tracey Hewitt
110,639,Veronique Marks
111,682,Mikel Lynn
111,731,Cris Copeland
111,945,Twanda Small
112,630,Wes Stevenson
112,846,Cythia Sanford
112,946,Lera Rose
113,630,Marchelle Baxter
114,852,Luke Farley
114,307,Melania Jensen
115,637,Eufemia Harmon
115,564,Deandra Farmer
115,740,Rikki Carlson
115,805,Humberto French
116,284,Orval Coleman
117,56,Jackson Fowler
117,760,Dario Sears
118,681,Willow Lopez
118,749,Duane Tanner
119,609,Aleshia Reeves
119,30,Val Lynn
119,450,Allegra Bush
120,818,Noma Moreno
121,647,Stacey Whitley
122,901,Larisa Nolan
122,34,Lauren Ayers
122,695,Brandon Holmes
123,96,Brady Cruz
123,86,Winford Bradley
124,481,Hermila Charles
124,322,Merna Browning
124,520,Kristeen Medina
124,837,Jacques Russell
124,960,Karl Parks
125,282,Tod Mcdaniel
126,496,Chang Burns
126,147,Many Vang
126,250,Miquel Casey
126,681,Temeka Herman
126,895,Grazyna Oliver
127,148,Kelley Randolph
127,507,Dakota Ruiz
128,794,Ernest Watson
128,368,Irvin Hardy
128,872,Katelynn Jensen
128,959,Merrill Caldwell
129,561,Bula Reilly
129,659,Jae Ray
129,812,Terrell Rose
130,315,Jeffrey Stephenson
131,876,Eugenie Christian
132,448,Kindra Lucas
132,127,Versie Stafford
132,527,Christopher Gonzales
132,593,Harvey Hess
133,523,Eliz Rice
134,571,Eufemia Goodman
134,738,Greg Albert
135,663,Amiee Moon
136,755,Warner Gates
136,245,Manda Lawrence
137,151,Dong Tucker
138,679,Yuk Woodard
139,88,Dorine Marks
139,152,Clay Parks
140,819,Kaila Beasley
140,592,Anthony Mann
140,920,Jame Daniel
141,862,Dannie Blackwell
141,985,Ngan Donovan
142,686,Noble Herring
143,856,Tambra Henry
144,399,Jeramy Christian
145,670,Florentino Walker
145,676,Natosha Lynn
146,240,Cuc Aguirre
146,118,Val Barrera
147,646,Eugenio Cochran
148,424,Lavelle Sampson
148,512,Laurine Pearson
149,388,Eleni Sampson
149,192,Dean Stanley
150,986,Bryce Stephenson
150,284,Maynard Bond
151,279,Walton Pope
152,995,Sergio Allen
152,589,Marcelino Moore
153,187,Carmine Graham
153,775,Jed Hoffman
154,377,Ray Haney
154,975,Todd Maxwell
155,77,Lasandra Mccarty
156,367,Dan Gilliam
157,53,Emilee Mccullough
157,4,Carolin Farley
158,328,Jesusa Barry
158,57,Pearly Kane
158,817,Stephnie Bolton
159,112,Grant Travis
159,92,Alleen Wiley
160,518,Galen Scott
160,873,Laverne Neal
161,632,Aldo Anderson
161,23,Jenette Matthews
161,851,Myron Dominguez
162,87,Ngan Camacho
162,248,Dede Guerrero
162,821,Benjamin Pierce
162,848,Sona Conner
163,296,Bo Nguyen
164,670,Darell Watts
164,141,Kasey Avila
165,274,Santos Sampson
165,668,Hwa Hayden
166,774,Sydney England
166,479,Hans Mcmahon
166,765,Mertie Olson
167,831,Myrtie Rogers
167,111,Colby Kramer
168,90,Olympia Kline
168,773,Micki Weaver
169,347,Willow Wagner
169,584,Shawnee Pittman
170,627,Arletha Briggs
170,806,Jamee Ochoa
171,990,Keven Burt
172,643,Woodrow Carney
173,71,Yukiko Gallegos
173,771,Francoise Farley
174,633,Coralee Hartman
174,211,Deloise Campbell
174,548,Colby George
174,784,Gwenda Hogan
175,949,Yan Nguyen
176,871,Yukiko Parrish
176,472,Cassey Griffin
176,800,Boyce Farley
177,177,Georgann Baker
177,680,Dee Mercado
177,789,Sacha Cantu
178,704,Lavinia Moran
178,793,Humberto Joyce
178,952,Silvana Todd
179,973,Antone Rosales
179,407,Floria Davis
180,284,Delisa Meyer
180,430,Steven Quinn
181,443,Doug Mcintyre
181,304,Ching Alvarez
182,563,Jonah Ball
182,67,Jeneva Pace
182,499,Deon Hale
182,799,Nancie Soto
183,456,Colton Higgins
183,50,January Houston
183,766,Tasia Glenn
184,272,Valentine Montoya
184,99,Boyd Duran
184,164,Nicolasa Valdez
185,279,Jeffrey Maxwell
186,70,Kory Landry
186,93,Keitha Kramer
186,98,Herbert Jefferson
186,468,Robbyn Bruce
186,599,Virgil Heath
187,118,Edra Maynard
187,241,Perry Hardin
187,709,Janise Maldonado
188,546,Dion Tate
188,329,Kandra Avila
189,278,Tyson Hancock
189,522,Blake Thomas
190,856,Zada Harper
190,7,Francis Myers
190,217,Viki Dominguez
191,998,Denis Thompson
192,920,Jack Gross
193,143,Richard Scott
194,169,Roberto Poole
194,138,Gregg Walsh
194,142,Kent Cabrera
194,261,Lowell Pitts
194,497,Levi Goff
195,179,Lelah Butler
195,671,Ariane Clay
196,723,Derrick Austin
196,354,Jonah Rodgers
196,656,Mathilda Hudson
197,900,Darcel Ellis
198,840,Shad Lowe
199,993,Marin Delacruz
200,393,Donella Kirby
201,920,Lucilla Pollard
201,181,Tuyet Trevino
201,225,Eveline Howe
201,832,Zenia Duke
202,274,Walter Sims
203,76,Deangelo Ferrell
203,315,Dominic Edwards
203,528,Clinton Pierce
203,660,Adolph Schneider
204,89,Nyla Taylor
205,680,Layne Blackburn
206,113,Sherman King
207,815,Oscar Hardin
207,815,Letty Miles
208,908,Mariella Austin
209,13,Fausto Watts
209,269,Eloy Vega
210,337,Stepanie Salas
211,350,Arnette Black
211,494,Lien Hansen
212,504,Richard Whitaker
212,640,Milan Cooper
212,697,Nicolle Faulkner
213,165,Hector Hood
214,655,Deangelo Hurley
215,874,Delila Hutchinson
216,719,Joana Pacheco
217,640,Donnell Pacheco
217,66,Sid Ballard
218,378,Zane Giles
219,603,Regena Clarke
219,364,Delena Maddox
219,620,Marketta Michael
220,646,Emmy Carr
221,369,Jeffrey Spears
222,269,Hue Noble
223,731,Myron Wood
223,2,Shaquana Gibbs
223,264,Ivana Ortega
223,525,Sanford Rowland
224,198,Carola Stout
224,88,Lindsey Harvey
225,348,Neta Reese
225,11,Aubrey Hughes
226,387,Sterling Hampton
227,528,Denyse Bolton
227,161,Donnell O'neil
228,206,Fritz Case
228,565,Jong Houston
228,854,Ying Mooney
228,933,Alisia Wilson
229,721,Thomasena Riddle
230,306,Carlo Pollard
230,387,Trevor Lawrence
230,585,Rupert Page
231,861,Zulema Randolph
231,123,Adam Watkins
231,223,Roderick Whitehead
231,860,Tam Gilbert
232,136,Cary Marsh
232,357,Gretta Curry
232,442,Estefana Levy
233,626,Rodrigo Fields
234,630,Walton Stafford
234,370,Leif Jacobs
235,758,Titus Velasquez
236,414,Elmer Travis
237,484,Tayna Blackburn
238,830,Jude Savage
238,687,Sanford Dickerson
239,535,Rudolph Carpenter
239,390,Kristofer Porter
239,994,Dorthey Dixon
240,739,Isreal Noel
241,237,Fermin Mcconnell
241,324,Betsey Chapman
241,867,Shanita Medina
242,422,Rick Gilliam
243,560,Holley Flynn
244,877,Alexander Waller
245,375,Omer Lee
245,438,Sherrell Joyner
245,459,Terrence Green
245,614,Pura Ferguson
245,972,Cheree Hendrix
246,371,Glennie Mcpherson
247,820,Faviola Park
247,134,Jeremiah Castaneda
247,727,Kacie Duncan
248,506,Cherilyn Wiggins
248,413,Ambrose Carey
249,660,Rivka Duran
249,651,My Stewart
250,119,Neida Russell
250,955,Refugio Hogan
251,163,Sherley Shields
251,356,Refugio Morris
251,412,Vivienne Hester
252,958,Elza Winters
252,346,Chara Fernandez
252,829,Steven Petersen
253,129,Bo Larsen
253,102,Saran Mcmillan
253,673,Shayne Bowers
253,840,Jacquie Justice
254,378,Tuan Miller
254,132,Rosia Wagner
254,341,Marketta Shaw
254,685,Sang Harvey
255,745,Elvis Ballard
255,59,Marco Watson
256,86,Sharilyn Adams
257,749,Erwin Joyner
258,75,Werner Santiago
258,82,Clayton Love
258,638,Clarine Wilcox
259,188,Fernando Cobb
259,582,Noah Kerr
259,958,Rey Carter
260,267,Aleisha Wright
260,347,Raphael Baldwin
261,667,Lakita Rowland
262,872,Grant Cameron
263,329,Krystina Eaton
264,170,Faustina Morgan
264,166,Booker Schwartz
264,279,Hana Yang
265,195,Michal Michael
265,962,Antonio Klein
266,200,Tanner Tyler
266,124,Marlin Levine
267,309,Codi Nicholson
268,663,Cruz Roman
268,602,Alphonso Hanson
269,875,Terrell Mathews
270,536,Clarence Cochran
270,737,Walker Bauer
271,213,Sacha Wiggins
271,644,Britteny Monroe
272,150,Laronda Burch
272,201,Lamont Rich
272,281,Ghislaine Hickman
272,405,Randee Love
272,751,Inell Mathews
273,847,Cletus Garner
274,540,Dani Webster
274,40,Ileen Hall
274,267,Damian Bradford
275,78,Burma Baxter
275,485,Tashina Mckenzie
276,80,Carroll Yates
276,887,Glynda Whitaker
277,7,Eli Pennington
277,473,Patricia Hoffman
278,420,Roberto Randall
278,362,Nelida Bryant
279,850,Hosea Baxter
279,185,Agripina Browning
280,607,Elois Kerr
280,117,Jennefer Pitts
280,701,Phung Ellison
280,794,Damon Callahan
280,897,Debbi Gilbert
281,808,Cassey Cummings
282,273,Wendell Jarvis
282,330,Janetta Garner
282,654,Jayna Golden
282,758,Julee Frank
283,225,Anastacia Stokes
284,172,Weldon Baxter
284,700,Florencio Chaney
285,284,Frederic Pate
286,363,Hobert Hansen
287,935,Orville Phillips
288,712,Mirella Espinoza
288,246,Zandra Good
289,729,Aurore Rios
290,204,Frank Weiss
291,798,Ethelene Aguirre
291,28,Norman Baxter
292,557,Ceola Elliott
292,148,Delena Chang
292,270,Armand Klein
293,526,Valentine Mccray
294,620,Nguyet Gentry
295,492,Aldo Hall
295,372,Mickie Bridges
295,717,Taisha Marshall
296,105,Kallie Blanchard
296,725,Erin Rich
297,963,Max Bridges
297,150,Carter Sellers
297,900,Prince Holland
298,638,Jesse Lindsey
298,38,Chadwick Dale
299,878,Leonia Nelson
300,381,Julius Booker
301,488,Brady Harris
302,296,Lavinia Gutierrez
303,898,Jody Wyatt
304,113,Raymond Norris
305,633,Raul Beasley
306,299,Stephen Padilla
306,72,Reggie Jensen
307,731,Elvin Morgan
307,474,Genny Myers
308,311,Morgan Mays
309,681,Hana Mcgee
310,659,Meggan Hunter
310,677,Talitha Drake
310,949,Darnell Burks
311,824,Lashaun Brock
311,904,Reynalda Little
312,441,Sherwood Leblanc
312,176,Timothy Harding
312,613,Kenny Snider
312,883,Carlie Flores
313,882,Steven Cabrera
314,381,Brendon Benjamin
315,770,Claude Simpson
316,965,Horacio Lamb
316,292,Renay Fox
317,476,Gustavo Parrish
317,121,Milton Pearson
318,834,Gayle Lee
318,266,Hollis Russell
318,464,Orval Page
319,353,Regenia Byrd
319,173,Alfonzo Vaughan
320,292,Brett Farmer
321,670,Moshe Galloway
321,137,Dan Morris
321,595,Irish Todd
322,775,Madie Bryan
322,9,Kasie Gallagher
322,819,Keith Hart
323,234,Garth Rodgers
324,349,Arnita Cortez
324,53,Isela Clemons
325,474,Terrence Hull
325,458,Zack Romero
326,776,Joane Witt
326,399,Ron Burgess
327,719,Vanita Watkins
327,603,Alvaro Bonner
328,142,Dan Barker
328,841,Rossana Sims
329,711,Quintin Ramirez
329,131,Kristel Bell
330,293,Kathaleen Becker
330,410,Christinia Walsh
331,767,Britni Dalton
331,720,Peter Cruz
331,726,Bryon Roberson
332,783,Franklyn Paul
333,828,Daine Weber
333,550,Rocky Wall
333,707,Marshall Mcguire
334,584,Grant Bender
334,374,Demetrius Moreno
334,490,Ailene Dickerson
335,573,Quyen Kramer
336,1000,Eli Merritt
336,780,Gil Turner
336,947,Jerrell Stark
336,993,Adolfo Lucas
337,28,Euna Mullen
337,964,Amina Short
338,97,Keven Le
338,663,Jennefer Walsh
338,730,Harvey Santiago
339,225,Geoffrey Brady
339,295,Mark Welch
340,374,Randolph Riggs
340,667,Chanell Johnson
341,161,Thu Terrell
341,76,Jennine O'neill
341,869,Gustavo Mcclain
342,98,Grady Romero
342,268,Willy Gay
342,355,Exie Morrow
342,635,Illa Leblanc
343,489,Rosena Dillon
343,26,Deane Mason
343,296,Melita Summers
343,569,Broderick Glenn
344,407,Tynisha Waller
344,629,Hunter Murphy
345,634,Tracey Hewitt
345,204,Mozell Fowler
346,226,Trang Washington
346,746,Lashaunda Dominguez
347,405,Jared Chen
347,462,Hai Gonzalez
348,846,Williams Dodson
349,650,Karry Morrison
350,675,Kasie Rogers
350,557,Davis Rice
351,506,Harmony Carpenter
351,573,Ernie Adkins
352,61,Leigha Holman
352,470,Clarence Chan
352,652,Joesph Rivers
353,55,Lesha Hodge
354,121,Amos Burch
355,961,Nicol Hester
355,878,Royal Snider
356,675,Jeni Lopez
357,23,Walter Calderon
358,695,Dorsey Johns
358,112,Alexis Peterson
359,229,Teisha Mccormick
359,645,Regine Andrews
359,661,Naoma Craig
360,732,Quintin Garza
360,184,Ellis Avila
360,544,Esteban Guy
361,401,Sharice Jarvis
361,885,Shirley Medina
361,907,Loyd Wong
362,5,Angle Larsen
362,822,Jc Durham
363,47,Peter Clay
363,693,Elliott Solomon
364,720,Emery Beasley
364,8,Sherise Riggs
364,172,Frankie Harrell
364,180,Yung Avery
364,926,Cristopher Farley
365,717,Milan Whitaker
366,218,Michael Mcpherson
366,892,Hector Cohen
366,918,Brendan Mcleod
367,495,Terrell Berger
368,258,Trinh Kent
369,158,Antonietta Nunez
369,444,Silva Fletcher
370,882,Judson Holt
370,776,Lavern Clarke
371,860,Serita Craig
371,153,Gilma Quinn
372,109,Alfonso Valencia
373,932,Nenita Wilcox
373,37,Johnsie Conway
374,189,Vern Blackburn
374,690,Treena Cleveland
375,496,Jerold Miller
375,553,Twana Kent
376,788,Rodrigo Dale
376,29,Chere Pruitt
377,49,Palmer Mcintyre
377,734,Samella Greer
378,256,Eli Callahan
378,761,Codi Fulton
379,929,Marlen Pruitt
379,97,Krysta Harris
380,88,Gertrud Howe
381,839,Erik Larson
382,531,Loris Parks
382,698,Thanh Conrad
383,831,Else Bell
383,705,Lemuel Alexander
383,902,Colby Rush
384,402,Victor Farley
385,260,Micheal Briggs
385,692,Larraine Mccoy
386,602,Heike Schroeder
387,608,Darell Gaines
388,738,Tyree Payne
388,597,Sherrell Noble
388,863,Jake Hart
389,810,Claude Guy
390,619,Phung Bates
390,78,Wilton Bridges
391,672,King Washington
391,163,Theodore Compton
392,750,Caterina Cantu
392,27,Marquitta Maynard
393,685,Jared Harmon
393,711,Jarvis Palmer
394,112,Willis Bates
394,932,Lamar Mercado
395,875,Dannielle Osborn
396,429,Zachary Kidd
397,205,Melia Savage
398,936,Minda Weaver
398,288,Lilliana Melendez
398,588,Ron Cohen
399,814,Buddy Roberson
399,128,Johnny Chandler
400,500,Lanny Sawyer
401,693,Nyla Sellers
402,215,Cortez Hyde
402,299,Rachell Small
402,369,Lashay Daugherty
402,381,Cyril Simmons
402,422,Johnny Hurley
403,599,Jeffrey Vaughn
403,143,Telma Monroe
403,230,Ramon Meyers
403,684,Berna Riley
404,744,Breann Rowland
405,729,Joshua Oliver
405,155,Isaiah Pollard
406,447,Lindsey Bowen
407,419,Willie Terry
408,219,Jazmine Barr
409,129,Tijuana Holland
409,534,Inocencia Orr
410,849,Yolande Watson
410,392,Herman Woodard
411,711,Alethia Perkins
411,159,Johnathon Sharpe
411,203,Afton Witt
412,101,Phylicia Summers
413,605,Clyde Dorsey
413,915,Jesus Mcleod
414,582,Cheryll Mclean
414,54,Bobbye Kerr
415,863,Johnie Dean
415,502,Jamel Shields
416,811,Antonio Johns
416,129,Stefan Greene
416,435,Jetta Payne
417,595,Rickey Levy
418,143,Jonelle Flowers
418,306,Merle Cleveland
418,919,Margherita Stanley
419,676,Leroy Stanley
420,833,Gia Alford
420,258,Mignon Mooney
420,567,Edison Parrish
421,669,Jewell Sheppard
422,724,Manual Bond
422,46,Hang Compton
422,752,Octavio Clayton
422,790,Kanisha Harris
422,930,Daron Chaney
423,973,Aaron Best
424,858,Ali Mosley
425,405,Justin Larson
425,224,Garland Valdez
426,915,Emmett Powell
427,185,Otis Watson
427,188,Lavette Forbes
427,621,Melany Luna
428,386,Bryanna Wagner
428,460,Cassy Cleveland
429,950,Silvana Galloway
430,224,Lavone Branch
431,35,Tesha Fitzpatrick
431,103,Sirena Barrera
431,625,Wilton Benson
431,963,Colby Meyer
432,430,Zetta Lynn
433,768,Thomasena Christensen
433,558,Loralee Dominguez
433,881,Elmo House
434,480,Stormy Sloan
434,594,Lourie Hicks
434,811,Magdalen Hammond
435,584,Deandre Taylor
436,5,Karole Serrano
437,281,Alfredo Farley
438,344,Van Wolf
439,146,Hollis Guthrie
439,463,Laurine Hull
440,750,Shenna Fitzpatrick
440,20,Sharee Walters
440,33,Evia Welch
440,759,Miquel Marquez
441,710,Ivelisse Harvey
441,941,Brant David
442,569,Arnold Parker
443,455,Season Sanford
444,682,Thora Tucker
445,908,Maryln Kennedy
446,212,Julio Craft
446,278,Lacy Nichols
446,637,Merri Small
447,359,Kyoko Gallegos
448,198,Shondra Pennington
448,536,Markita Norman
449,926,Dexter Lowery
449,101,Mel Short
449,305,Steve King
449,488,Aleida Marquez
449,552,Lester Bradley
450,776,Myesha Klein
451,459,Tonita Langley
451,293,Ernie Russo
451,732,Lionel Harrison
452,275,Alex Ward
452,140,Sherice Chase
452,440,Dewayne Thomas
453,132,Man Petersen
453,498,Bryon Walker
453,779,Harold Pratt
453,831,Eddie Thomas
454,772,Lucio Moon
454,162,Romaine Wilkins
454,298,Noriko Mullen
454,335,Hassan Fitzgerald
455,280,Nigel Harding
456,288,Adam Galloway
457,335,Rubin Hoover
457,763,Lilliana Mckay
458,515,Henry Mosley
458,871,Belkis Cabrera
459,878,Celinda Martin
459,187,Sudie Chaney
459,965,Tona Reilly
460,662,Silas Aguirre
461,731,Erwin Benton
461,453,Merle Sharpe
462,222,Louie Barlow
463,320,Cira Leblanc
464,386,Bart Wall
465,140,Lisabeth Hyde
465,768,Shanelle Warner
466,309,Duane Ortiz
466,45,Shemika Parker
467,823,Jefferson Mitchell
467,517,Jamee Cain
467,554,Amina Vega
468,55,Simona Porter
469,252,Johnny Hines
469,1000,Leigha Long
470,186,Kamilah Mathews
470,835,Jacquelyne Avila
471,269,Samella Woodard
471,183,Aldo Wright
472,918,Johnny Padilla
472,844,Tom Brown
473,793,Lisha Guthrie
473,56,Dorsey Parsons
473,911,Mac Mcclure
474,913,Arnetta Short
474,414,Sal Cooley
475,172,Laurinda Hogan
475,877,Horacio Lee
476,584,Russ Vaughan
477,307,Talisha Middleton
477,154,Dorian Ashley
477,445,Brandon Farmer
478,903,Cristin Kane
478,772,Milagro Gentry
479,576,Fletcher Mclean
480,197,Randell Herman
481,130,Marco Brady
482,98,Shon Houston
483,563,Britt Herrera
483,252,Colby Brewer
483,263,Randee Ramsey
483,352,Fred Tyler
483,989,Wonda Frank
484,447,Hipolito Combs
484,61,Jerry Mercer
484,987,Jake Moses
485,604,Willian Fuller
485,791,Roger Wilson
486,865,Lakendra Willis
487,102,Isaiah Robinson
487,506,Jovan Kramer
488,211,Mason Dickson
488,411,Gertude Snyder
488,974,Boyd Carson
489,436,Russ Herring
490,747,Randa Perry
490,379,Luke Baker
491,676,William Tyson
491,205,Arie Norton
492,787,Dale Briggs
493,336,Dede Abbott
493,228,Lorenzo Mccall
493,555,Coy Odom
494,594,Gary Garcia
494,489,Jason French
495,612,Jennell Mays
496,361,Carlita Jennings
496,899,Vern Michael
497,991,Ulrike Richard
497,970,Ozell Ochoa
498,871,Eldon Ortiz
499,22,Edward Saunders
499,391,Yon Scott
499,633,Andy Santos
500,96,Jan Gray
501,323,Toshiko Campbell
501,782,Jim Ware
502,262,Felipe Raymond
502,144,Ilda Mcintosh
502,260,Herbert Bush
502,542,Rickey Jordan
503,177,Herta Gomez
503,343,Shavonda Hogan
504,864,Tuyet Arnold
505,977,Archie Blankenship
506,915,Lindsy Jenkins
507,203,Maddie Navarro
507,309,Marcelene Guthrie
507,824,Normand Curry
508,974,Colton Peterson
508,467,Hildred Aguilar
509,963,Pete Lester
509,6,Lee Phillips
510,204,Deloise Gardner
511,948,Odell Heath
511,218,Amal Lancaster
511,432,Sherly Hopkins
512,213,Deon Goodman
513,911,Eric Dixon
513,712,Yoko Gaines
514,871,Perry Garrett
514,200,Lamonica Duke
514,627,Daron Bryan
515,944,Suellen Mayer
516,714,Pasty Richardson
516,345,Mike Golden
517,551,Derick Ryan
517,62,Warren Todd
518,687,Lanie Maldonado
518,482,Lashaun Kirby
519,893,Jermaine Stark
519,64,Kirk Shelton
519,65,Tajuana Ayers
519,936,Desmond Dennis
520,804,Britta Reyes
521,846,Rebbeca Buckner
522,459,Erin Watkins
523,836,Rosario Colon
523,126,Tish Burns
523,255,Janett Mullen
523,342,Chong Solomon
524,606,Cleo Fitzgerald
525,17,Sarai Vinson
525,283,Bruce Turner
526,300,Dagmar Vazquez
526,79,Larita Dotson
526,803,Suellen Wynn
526,859,Gwyn Dorsey
527,893,William Nichols
528,480,Rex Evans
528,194,Raymonde Dalton
528,586,Gilbert Owens
529,815,Franklyn Wade
529,431,Reid Hatfield
529,487,Antonio Walton
530,299,Randee Kelly
531,260,Phillip Buck
531,25,Shala Caldwell
532,242,Ramon Dodson
532,609,Oliver Hunter
533,590,Joie Leblanc
533,516,Jonas Woodard
534,72,Titus Vance
535,546,Patrina Shepard
535,628,Paul O'neil
535,928,Kiley Hayden
536,102,Milan Chase
536,833,Kum Byrd
537,527,Jaleesa Sosa
537,748,Kortney Swanson
538,273,Bill Spencer
539,863,Reid Rivers
539,107,Solomon Pickett
540,689,Frank Griffin
540,735,Shila Blackwell
541,875,Lilliana Figueroa
541,814,Madaline Horton
542,28,Eneida Bradford
542,736,Karoline Dale
543,12,Timothy Hawkins
543,523,Torie Davidson
544,127,Alethea Hall
545,621,Al Randall
545,484,Sunday Sherman
546,298,Larry Osborne
547,108,Sheilah Hobbs
548,878,Loreen Lyons
548,303,Marlin Sloan
549,413,Shawn Whitley
550,425,Katerine Marks
551,651,Joesph Stevens
551,559,Eduardo Gilliam
551,898,Tamatha Lynch
552,537,Prince Sutton
552,890,Sheridan Cobb
553,672,Marg Lopez
553,84,Dionna Jarvis
553,100,Jae Peters
553,384,Hugo Hill
553,426,Timothy Terry
554,67,Tyler Bender
554,316,Amiee Cantu
555,598,Winford Harrison
555,849,Samella Coffey
556,258,Delbert Evans
557,216,Nathanial Prince
557,549,Vena Atkins
557,649,Merrie Hodge
558,883,Stephen Eaton
559,211,Roman Carroll
559,209,Kermit Gutierrez
559,605,Gonzalo Reeves
559,716,Francina Mills
560,473,Boyd Johnson
560,505,Neda Franks
561,237,Kelsi Bass
561,319,Agripina Moses
562,739,Ehtel Valentine
562,115,Benito Roman
563,109,Lashaun Nunez
563,715,Loida Kerr
563,929,Deon Haley
564,790,Cole Parker
564,655,Desmond Burris
565,677,Dani Doyle
566,134,Sammy Hoffman
566,202,Tawny Lancaster
566,214,Donn Jarvis
566,845,Shondra Fields
567,138,Hobert Strickland
567,415,Neil Murphy
567,424,Robt Riggs
568,443,Roland Schneider
568,409,Erik Weaver
568,864,Dudley Hines
569,589,Jesenia Gaines
570,19,Geoffrey Rosa
570,688,Donn Joseph
571,715,Gilberto Mercer
571,114,Melynda Crawford
571,908,Delcie Sampson
572,260,Jaymie Anderson
573,925,Jon Reilly
574,740,Fermina Moss
575,400,Walton Hudson
576,401,Oda Peck
577,797,Tyrone Carter
577,865,Wonda Carpenter
578,506,Jonas Nolan
579,764,Williams Atkinson
579,576,Verlene Mccall
579,756,Angelic Leonard
580,420,Alex Paul
581,938,Roxy Johns
581,475,Willia Larsen
582,405,Kenda Campos
583,594,Lyle Poole
583,903,Cecille Harris
584,407,Craig Trujillo
584,75,Jacquie Wooten
584,786,Boris Mccormick
584,866,Armand Caldwell
585,133,Darnell Allison
586,284,Dorian Franco
586,623,Chase Rowland
587,510,Johnie Horne
588,119,Inger Schroeder
589,75,Bee Trevino
590,913,Lisabeth Ortega
590,380,Kimbra Cox
590,796,Nery Taylor
591,780,Robt Giles
592,631,Leena Mejia
593,357,Carolin Roberson
593,723,Ranee Ray
594,736,Lance Salazar
595,256,Hilton Hodge
595,5,Graig Owen
595,617,Serina Giles
596,840,Neida Bailey
596,578,Kelsi Monroe
597,5,Anderson Thornton
598,306,Eugene Witt
598,454,Rheba Jefferson
599,90,Theo Hester
599,702,Lacy Rivera
599,764,Raeann Preston
600,962,Shanae Atkins
600,174,Georgetta Gardner
600,927,Charlesetta Pope
601,970,Orville Newton
601,501,Alec Mcdaniel
601,509,Flo Cleveland
601,913,Jerlene Wynn
602,977,Blondell Campos
603,835,Elwood Beard
603,997,Jude Kemp
604,553,Guillermo Herrera
604,787,Chuck Short
605,275,Emmanuel Griffin
606,465,Lisandra Holman
606,237,Chi Barton
607,529,Jerrod Ferrell
608,798,Dong Hoffman
609,692,Quinton Compton
610,731,Naida Mueller
611,677,Marica Meyer
612,529,Julee Wheeler
612,231,Crystle Molina
613,791,Penney Peck
614,766,Morgan Phillips
614,136,Barbera Church
614,186,Adalberto Page
614,802,German Foster
615,283,Donald Sexton
615,809,Merrilee Holder
615,838,Carmen Mccall
616,704,Millard Pitts
616,31,Kamala Kinney
617,571,Florance Strickland
617,615,Taylor Nixon
617,834,Claudio Butler
618,288,Cassy Avila
619,195,Tari Vazquez
619,373,Williams Gardner
619,513,Digna Huffman
620,862,Jeannetta Logan
620,382,Benito Dominguez
621,924,Milda Mullen
621,236,Dion Petty
622,539,Luigi Dotson
622,953,Gidget Merrill
623,594,Syreeta Rush
623,156,Stefan Thompson
623,611,Felton Patterson
623,664,Norberto Guerra
624,420,Lynetta Mosley
625,428,Jamal Willis
626,736,Dorie Sweet
626,257,Charis Whitney
627,242,Tifany Roberson
627,836,Henry Mitchell
628,633,Daryl Vaughan
628,870,Georgene Hood
629,621,Toshiko Holland
630,734,Cleveland Bright
630,500,Gerald Daugherty
631,338,Kamilah Coffey
631,32,Leonila Rosales
632,456,Tyron Flores
632,12,Maria Bradford
633,679,Takisha Guerra
634,473,Sulema Hendrix
634,244,Horace Drake
635,675,Aleen Lowery
636,328,Sadye Becker
636,437,Sommer Bruce
637,711,Sherill Fitzgerald
637,647,Isiah Tillman
638,968,Marget Lee
639,608,Colton Joseph
640,290,Izetta Hansen
641,187,Eleonore Larson
642,990,Jason Hyde
642,976,Columbus Golden
643,831,Kirby Holland
644,771,Deonna Cortez
645,376,Leeanna Hays
645,139,Milo Ross
645,168,Myron Doyle
646,438,Harvey Lynch
646,274,Ralph Jenkins
646,801,Claude Holder
647,170,Merrill Koch
647,175,Jerrod Jacobson
648,188,Daniele Camacho
648,95,Sidney Blackwell
649,94,Andrew Taylor
650,813,Cammy Blackwell
651,755,Larae Foley
651,308,Brian Lara
652,872,Brigid Garcia
653,199,Les Mcpherson
654,568,Lucius Stewart
654,969,Ludivina Livingston
655,29,Salome Riggs
656,422,Lorenzo Mcintosh
657,763,Romelia Acosta
658,652,Frida Clements
658,182,Johnie Finch
659,141,Larry Preston
659,531,Shizuko Sexton
659,754,Asa Carver
660,623,Elisa Holden
660,290,Marty Mayo
661,840,Evan Acevedo
661,69,Sanda Bauer
662,247,Chris Huber
662,320,Telma Caldwell
663,443,Tyler Parks
664,186,Manuel Gallegos
665,857,Clifton Castro
666,276,Willis Hess
666,521,Sunday Solis
667,594,Thi Murphy
667,572,Milda Estrada
667,683,Damon Whitley
667,741,Cayla Castillo
667,744,Antoine Campos
668,984,Tyesha O'neal
668,670,Charlott Conley
669,77,Darin Lee
670,320,Elwood Gallegos
671,685,Lovetta Shannon
672,96,Numbers Rivera
672,130,Kimbra Dotson
673,443,Hiroko Walls
673,377,Emelda Wilder
673,491,Claude O'connor
673,742,Shona Marks
673,978,Carroll Fleming
674,764,Orville Koch
675,519,Neida Vang
676,219,Galen Mack
676,389,Lamont Pace
676,729,Zane Hoover
677,361,Ambrose Lopez
678,777,Walker Anthony
679,24,Ai Leach
679,797,Janeth Maddox
680,100,Erik Branch
681,931,Allan Larson
682,546,Raymundo Gillespie
683,982,Love Trevino
683,425,Brice Lambert
683,539,Foster Prince
684,35,Carol Hartman
685,487,Sina Carroll
686,735,Clemente Fleming
686,251,Mikki Hamilton
686,956,Guadalupe Bell
687,179,Huey Rodriguez
687,17,Guy Pacheco
688,737,Oswaldo Mcfadden
688,421,Alton Clay
689,352,Michael Middleton
690,892,Rafael Bailey
690,363,Erin Lamb
691,70,Terry Warren
691,449,Solomon Koch
691,753,Roland Hester
692,233,Dustin Holmes
692,179,Micah Hodges
692,334,Juan Holland
693,497,Becki Luna
693,68,Ramiro Mcpherson
694,474,Shanelle Haney
694,206,Kasha Acosta
695,297,Val Justice
695,52,Ilda Banks
696,775,Sammie Weiss
696,396,Raul Lang
697,759,Walter Puckett
697,249,Galen Walls
697,336,Rolland Arnold
698,406,Ike Blevins
698,632,Tamesha Robbins
699,49,Noma Huffman
699,942,Maryland Schultz
700,980,Chante Hayes
700,570,Sterling Kelly
700,954,Tyrell Wood
701,438,Logan Rose
702,637,Kaci Cantrell
703,587,Nobuko Reed
703,1,Svetlana Wall
704,322,Carmelia Kramer
705,968,Santo Steele
706,410,Lelah Mcmillan
706,375,Carlie Andrews
707,326,Cornell Madden
707,349,Layne Brooks
708,701,Lorilee Watkins
708,340,Zonia Gilmore
709,380,Solange Grimes
709,177,Delpha Peterson
709,604,Murray Madden
710,511,Rich Quinn
710,74,Sanda Strong
710,943,Marcene Craig
711,857,Neely Webb
712,988,Bree Schwartz
713,774,Lacy Savage
714,554,Arthur Hanson
715,565,Maple Gallegos
715,495,Carry Odom
716,734,Maximo Guerrero
717,317,Jordon Wallace
717,207,Margrett Knox
717,286,Kendrick Shepherd
718,883,James Figueroa
718,441,Marcelene O'connor
719,816,Thurman Warner
719,385,Josiah Joyner
719,747,Shira Norris
720,612,Patria Cervantes
720,353,Rudy Owens
720,921,Jerold Burton
721,879,Vaughn Snider
722,303,Shantay Hammond
723,690,Fred Kelley
724,819,Anibal Spears
725,790,Brooks Tanner
725,70,Omer Nieves
725,318,Marine Grimes
725,541,Jessi Evans
726,511,Suanne Sharp
727,129,Ligia Estes
727,699,Sumiko Hanson
728,788,Hipolito Snider
728,631,Lesley Stein
729,515,Vasiliki Potter
729,416,My Davidson
729,636,Beckie Holloway
729,689,Zofia Faulkner
730,274,Annalee Collins
731,504,Max Mcguire
731,83,Harry Curry
731,992,Johnie Kramer
732,303,Damion Schmidt
732,874,Mitchel Grimes
733,973,Elvis William
734,145,Rosana Whitehead
734,912,Trinidad Sanchez
735,89,Faustina Newman
736,347,Bernie Watkins
736,669,Daryl Freeman
737,766,Jeanice Bauer
737,386,Edris Gibbs
737,769,Carolynn Bush
737,788,Fermina Sutton
738,107,Trent Sandoval
739,293,China Garrett
739,133,Londa Finley
739,968,Jerold Howe
740,529,Lonny Kinney
740,197,Hae Blanchard
741,335,Argelia Cummings
741,443,Ossie Shelton
742,113,Shery Holman
743,506,Venetta Tyler
743,436,Scarlet Tyler
744,137,Christopher Collier
745,769,Clifford Figueroa
746,504,Jeremy Perkins
746,55,Leena Hawkins
747,256,Daine Noble
748,836,Dung Green
749,111,Dennis Keith
749,44,Brett Mercer
749,149,Joseph Gamble
749,221,Detra Vega
749,273,Isreal Woods
749,925,Herbert Tillman
750,50,Owen Vincent
750,556,Casey Melendez
751,777,Gordon Silva
751,361,Heriberto Reid
751,533,Jeffry Gillespie
752,524,Louie Velez
753,570,Grayce Gross
753,229,Dusty Pace
753,910,Royce Wade
754,364,Roosevelt Higgins
754,48,Nadene Bullock
754,327,Berry Adams
754,839,Elijah Robbins
755,453,Bo Estrada
755,600,Lakiesha Holland
756,493,Dion Guy
756,165,Leon Martin
756,675,Ethelene Ewing
757,470,Lakenya Cohen
757,905,Damon Miranda
758,127,Skye Foley
758,41,Loyd Sparks
758,476,Dale Kidd
759,583,Casey Alvarado
760,14,Coreen Nixon
760,713,Fernande Welch
761,269,Benedict Dickerson
762,467,Marx Golden
763,541,Darrell Guerra
763,215,Daina Elliott
764,259,Shelby Hernandez
765,267,Frank Page
765,856,Louie Shannon
766,272,Earl William
766,253,Piper Sawyer
767,192,Alfonzo Cameron
767,135,Damian Little
767,648,Mary Callahan
768,341,Yun Cleveland
769,498,Andre Adkins
770,794,Drusilla Willis
770,755,Monet Grant
771,201,Stanford Wilkins
771,366,Augustus Leach
771,429,Carmelo Mueller
771,493,Cherish Vasquez
771,750,Carlita Patrick
771,998,Hisako Hurley
772,508,Karey Hood
772,196,Danika Huff
773,812,Lucio Robertson
773,19,Norris Wolfe
773,622,Janae Wiggins
774,762,Cristopher Lucas
775,336,Trinidad Franco
775,980,Lorilee Joseph
776,521,Robert Decker
777,81,Gabriel Parks
778,892,Emanuel Tyler
778,710,Jamal Alvarado
779,580,Cleveland Compton
779,888,Tomiko Nieves
779,961,Bernardine Brooks
780,531,Aaron Mathews
780,42,Eugene Parks
780,398,Cedrick Mcintosh
780,400,Efrain Gross
781,555,Joye Parker
781,703,Oralee Lucas
782,597,Dorian Lester
782,171,Beata Hanson
782,657,Twana Parrish
783,210,Emmie Lindsey
784,987,Arianna Harrell
784,935,Alfonso Edwards
785,397,Fletcher Patton
786,182,Hermina Middleton
786,818,Cherelle Hoover
787,704,Chong Copeland
787,508,Jolyn Cochran
788,241,Shayne Fitzpatrick
788,653,Dia Rasmussen
789,274,Darryl Pickett
789,893,Dorotha Clark
790,223,Mitchell Garrett
790,367,Edmund Peterson
790,682,Sherice Bowers
791,837,Sharan Duffy
791,579,Jess Harding
792,837,Shannon Rasmussen
792,404,Barton Conway
793,49,Glen Dotson
794,466,Rayford Glover
794,581,Hugh Padilla
795,889,Yahaira Koch
795,503,Carlton Green
795,519,Shaunte Benjamin
795,823,Herta Rios
796,401,Deon Kidd
797,154,Elton Bartlett
797,359,Kimberlie Mercer
797,914,Myung Stanton
798,879,Jean Myers
798,105,Jackie Johns
798,108,Eliz Ramos
798,745,Jennell Molina
799,556,Walker Lopez
799,85,Cyrus Todd
799,235,Anthony Schroeder
799,643,Hyman Carlson
800,146,Ashlea Berry
801,533,Rudy Bernard
801,360,Tad Sharpe
802,62,Preston Brewer
802,394,Robin Ware
803,702,Lajuana Bailey
804,956,Cristopher Olson
805,857,Glynis Pollard
806,509,Carlee Ewing
806,566,Shondra Zamora
807,280,Melani Campos
807,226,Dean Santiago
808,955,Luba Barrett
809,674,Catarina Bell
809,189,Mardell Horne
810,261,Selene Flowers
810,120,Armand Klein
810,457,Derick Keller
810,875,Jarred Duncan
811,106,Samuel Lowery
811,358,Elvina Davenport
811,477,Willian Ochoa
812,675,Huey Simpson
812,96,Cecil Pruitt
812,222,Enda Porter
812,879,Deandrea Finley
813,509,Katia Hunt
813,721,Delbert Kerr
813,825,Sarina Dickson
814,48,Alix Burns
814,310,Elodia Nieves
814,619,Ty Holcomb
815,577,Ronni Hamilton
815,706,Lucien Walter
815,982,Alexander Ward
815,996,Patricia Barlow
816,603,Ronnie Mercer
816,300,Hayden Cooper
817,812,Shala Hughes
817,333,Clarence Downs
817,966,Heike Cooper
818,918,Kanisha Welch
819,943,Synthia Schwartz
819,104,Porter Lang
819,596,Clelia Maddox
820,310,Carolyne Watkins
821,686,Carmine Cannon
822,763,Sima Hobbs
822,24,Lonny Osborne
822,842,Sol Mclean
823,539,Lorean Hansen
824,791,Lianne Taylor
824,944,Jarred Miller
825,102,Yael Greer
825,39,Alfonzo Valencia
825,344,Brent Valencia
826,937,Stevie Garrett
826,535,Guy Leblanc
826,868,Russell Boyd
827,7,Werner Grimes
828,298,Loan Wiley
829,66,Madaline Goodman
829,167,Myron Dillon
829,455,Hunter Castro
829,847,Ellis Cruz
830,525,Lavern Rutledge
830,767,Andrew Graham
830,858,Debbi Castaneda
831,111,Mora Mccullough
831,234,German Delgado
831,714,Wai Mathis
831,986,Syreeta Rush
832,43,Conception Whitley
832,518,Fairy Fowler
832,546,Dinorah Barr
833,583,Barbar Alexander
833,35,Santiago Ballard
833,420,Frederica Garner
833,560,Lelah Mcleod
834,206,Virgil Juarez
835,990,Mignon Espinoza
835,239,Herman Harmon
835,938,Ernest Sharpe
836,154,Earlie Sims
837,693,Maryalice Howard
837,850,Carmelia Greene
838,501,Marcel Martin
838,547,Claris Puckett
839,283,Rudolph Chambers
839,90,Latrisha Torres
839,718,Wilton Merrill
840,810,Elvie Schwartz
841,87,Bennie Ewing
841,792,Phil English
842,827,Kermit Clayton
842,277,Twanna Stanley
843,932,Venice Casey
843,478,Korey Reid
844,845,Synthia Leblanc
844,122,Gordon Emerson
845,851,Yan Pennington
845,371,Linwood Tucker
845,563,Ted Herman
845,971,Al Dominguez
846,798,Donald Blackwell
846,227,Lucina Yates
846,232,Doreatha Randall
846,321,Annita Clayton
846,626,Telma Maxwell
847,180,Armando Beach
848,458,Lenna Ramsey
848,58,Courtney Cain
849,311,Santos Davis
849,254,Lovella Ortiz
849,285,Ted Osborne
850,475,Leeanna Rodriguez
851,292,Carl Cooke
851,289,Marceline Benton
851,995,Jules Sullivan
852,107,Tonisha Jacobson
852,272,Lawana Ramos
852,853,Randa Horne
853,336,Chadwick Albert
854,800,Marianela Newton
854,496,Letisha Kemp
855,949,Claretha Torres
855,937,Loma Santiago
856,73,Mercedez Boyle
857,458,Kris Trevino
857,297,Neely Caldwell
857,446,Colin Collins
857,857,Santiago Hubbard
858,720,Lonna Wall
859,898,Erin Jensen
859,504,Frederic Buckner
860,572,Jermaine Peck
861,529,Dalton Griffith
861,642,Floretta Hull
861,828,Armanda Grant
861,861,Chantell Alexander
862,212,Yolando Durham
862,598,Ashanti Roberson
863,663,Brenton Gutierrez
863,287,Louis Fischer
864,819,Tristan Rosario
864,146,Erwin Haynes
865,230,Caleb Gardner
866,960,Kristel Webb
866,243,Clarita Baker
867,595,Etsuko Peck
867,466,Tyree Chaney
868,406,Columbus Jacobs
868,418,Carey Simpson
869,958,Margarite Herman
869,328,Waylon Reyes
870,910,Lane Maxwell
870,212,Charles Barrett
871,795,Cecila O'neil
871,301,Wendell Marquez
871,313,Debbi Burgess
871,471,Vertie Haney
871,492,Adrien Clemons
872,33,Alla Fields
872,199,Landon Patrick
872,262,Season Hayden
872,820,Andrea Norman
873,187,Maria Irwin
873,923,Genna Howell
874,608,Jennine Solis
875,248,Nick Turner
876,463,Yuriko Wilson
876,160,Darius Roberson
877,22,Augustus Ramirez
878,516,Williemae Kim
878,15,Sonny Flores
878,71,Andrew Mcfadden
878,939,Genna Mills
879,377,Danial Pickett
879,276,Fredda Mills
879,540,Dewitt Jones
880,910,Carolynn Petty
880,60,Sharmaine Garner
880,722,Kristle Rosales
881,148,Chance Spears
882,129,Keenan Rasmussen
883,498,Augustine Osborn
883,551,Joaquin Hardy
883,957,Joi Allison
884,209,Loise Sweeney
884,704,Tonita Simon
885,675,Donn Cameron
885,332,Marlin Hampton
885,662,Ulysses Goff
886,354,Paris Roberson
887,850,Crista Barlow
887,580,Hyun Luna
888,592,Melani Ashley
889,100,Nicolle Mcintosh
889,461,Kyle Cameron
890,989,Glen Sutton
890,109,Jude Mercado
891,318,Cary Solis
892,310,Vanesa Bright
892,529,Kenton Bradshaw
892,906,Marcus Cantu
893,869,Kurt James
894,84,Elwanda Olsen
894,616,Jospeh Mitchell
894,724,Roman Weaver
895,681,Neville Molina
895,216,Cyrus Bailey
896,325,Laurice Mayo
896,545,Jalisa Dudley
897,216,Clinton Fuentes
897,577,Emmaline Baird
897,674,Kenny Faulkner
898,606,Debbra Mullen
899,53,Lilliana Welch
899,365,Eric Hanson
900,755,Val Russo
900,265,Jonathon Long
900,378,Grayce Case
901,999,Cole Crane
901,242,Manuel Velez
901,538,Cruz Hensley
901,658,Golden Wooten
901,922,Torie Jackson
901,934,Susy Travis
902,128,Marylynn Munoz
902,376,Inell Mayo
903,102,Johnny Page
904,764,Vito Lambert
905,306,Soraya Hernandez
905,884,Waldo Berger
906,928,Logan Woodard
906,94,Foster Shaw
906,247,Normand Patrick
907,990,Ernie Owen
907,608,Carl Vega
908,189,Ivelisse Keller
908,886,Abel Murray
909,159,Keva Weber
909,275,Mickey Mays
910,590,Kimiko Anderson
910,447,Clarence Buck
911,854,Arnold Oliver
911,510,Jc Irwin
911,827,Esteban Drake
912,610,Elliott Downs
913,232,Dodie Carter
914,627,Elenore Salas
914,157,Sharita Chavez
915,827,Wiley Pratt
915,43,Earlie Bryant
915,486,Santiago Mcdowell
916,387,Lashaunda Erickson
917,419,Clyde Gibbs
917,951,Delmer Cortez
918,207,Ricardo Rutledge
919,800,Kris Patterson
920,783,Lemuel Mack
920,81,Jinny Marshall
920,810,Benito Hobbs
921,13,Vashti Cobb
922,803,Doug Little
922,113,Kelly Reyes
923,958,Yong Hood
923,291,Marine Mercado
924,6,Louie Dean
924,469,Bo Livingston
925,737,Loida Golden
926,614,Sacha Compton
927,678,Theo Dawson
927,49,Charley Hays
928,797,Rey Burks
928,583,Vernon Mendoza
929,135,Courtney Cameron
929,537,Monte Haney
930,444,Fidelia Olson
930,612,Esteban Mcguire
931,330,Ria Vinson
931,434,Jeffrey Thompson
931,696,Hermila Randall
932,921,Tiffaney Johnston
933,436,Laurena Barr
934,37,Thanh Castro
934,312,Rossana Munoz
935,256,Enola Nieves
935,456,Valene Adams
935,950,Franklyn Jordan
936,317,Willis Mcclure
937,347,Nicolas Sandoval
938,972,Lourie Walker
938,641,Florencia Finley
938,948,Jermaine Camacho
939,131,Toshiko Morrow
939,967,Eduardo Hutchinson
940,30,Morgan Avery
940,901,Dierdre Duffy
941,137,Dallas Nicholson
941,351,Ossie Shaffer
942,916,Roderick Dean
942,213,Bert Keller
942,480,Kandace Stevens
943,659,Jarod Herrera
943,73,Miyoko Harvey
943,208,Osvaldo Nichols
944,764,Kenton Goodman
945,689,Elayne Chen
945,178,Chassidy Travis
945,423,Clarence Foley
946,145,Rubin Nieves
946,984,Laverne Vinson
947,680,Deloras Ware
947,106,Drew Rodriquez
947,145,Filiberto Guthrie
947,896,Sung Weber
948,8,Keith Talley
948,587,Vincenza Heath
948,601,Londa Pena
949,108,Nicolasa Simmons
950,530,Usha Hodges
950,607,Garry Deleon
950,808,Beverlee Patel
951,754,Melynda Fulton
951,408,Buffy Wolf
952,712,Shawanda Finley
952,282,Sean Rodgers
952,862,Irving Mosley
952,981,Ricky Hodge
953,858,Jerlene Cantrell
954,601,Damien Shannon
954,417,Kena Walter
955,647,Jamaal Barton
955,311,Johnny Rivera
955,323,Wan Patrick
955,804,Denisha Wooten
956,246,Regine Hicks
956,10,Patricia Wolfe
956,406,Brain Chase
957,976,Hobert Shelton
958,977,Marcelino Blake
958,591,Lashawna Mcmahon
959,497,Genaro O'neal
959,80,Zachery Garrett
960,446,Tanna Cervantes
960,294,Donte Villarreal
961,173,Ciera Hopper
962,933,Melania Hoffman
962,348,Rudy Wells
963,399,Joeann Cooley
963,816,Franklin Osborn
964,500,Carol Carroll
965,486,Twana Greene
965,402,Henry Nunez
965,880,Tandy Rivers
966,272,Esta Conway
966,401,Jesenia Pickett
967,581,Malvina Bernard
968,109,Grisel Duncan
969,614,Kim Wheeler
970,558,Deane Deleon
971,487,Kayce Hughes
971,630,Roosevelt Osborne
972,928,Chasidy Galloway
972,433,Benedict Velez
973,491,Yi Gray
973,119,Marshall Mclean
973,210,Odelia Prince
973,339,Magen Mejia
974,540,Aurelio Mosley
974,271,Roosevelt Mcclure
975,200,Dusty Kelly
975,190,Karry Rosario
975,326,Becki Blackwell
975,813,Sherley Mathews
976,751,Jazmine Peterson
976,798,Carlos Garza
977,755,Tristan Aguirre
978,819,Adolph Roberts
978,169,Henry Fields
979,663,Isadora Maddox
980,326,Brendan Horton
980,259,Diego Levy
980,610,Page Hall
980,795,Grisel Wilkinson
981,615,Donny Holcomb
982,528,Robin Torres
982,151,Santiago Bauer
982,983,Wai Scott
983,838,Darrin Malone
984,760,Yee Meyer
984,568,Chad Wolf
985,448,Scott Grimes
985,830,Eugenio Cantrell
986,166,Karine Erickson
987,834,Ilana Ewing
987,807,Epifania Mcgowan
988,273,Jeneva Carrillo
988,419,Katelynn Carson
988,561,Felisa Ratliff
989,794,Hosea Cooley
989,428,Kenton Arnold
990,506,Jamison Dominguez
991,800,Sidney Church
992,915,Prince Whitley
993,318,Marguerita York
994,154,Vernetta Spencer
994,733,Natisha Eaton
995,806,Rachell Craig
995,63,Annett Mclean
996,152,Andres Moreno
997,767,Jonah Williams
998,56,Aron Chang
998,125,Gidget Gentry
998,979,Jeni Avery
999,583,Adan Garcia
999,302,Daryl Singleton
999,770,Florencia Everett
1000,295,Lashawnda Hansen
